{
    "0": {
        "precision": 0.9354838709677419,
        "recall": 0.8787878787878788,
        "f1-score": 0.90625,
        "support": 33.0
    },
    "1": {
        "precision": 0.8666666666666667,
        "recall": 0.9285714285714286,
        "f1-score": 0.896551724137931,
        "support": 28.0
    },
    "accuracy": 0.9016393442622951,
    "macro avg": {
        "precision": 0.9010752688172043,
        "recall": 0.9036796536796536,
        "f1-score": 0.9014008620689655,
        "support": 61.0
    },
    "weighted avg": {
        "precision": 0.9038956460426582,
        "recall": 0.9016393442622951,
        "f1-score": 0.9017983323911815,
        "support": 61.0
    }
}