{
  "cat": {
    "precision": 1.0,
    "recall": 0.950199203187251,
    "f1-score": 0.9744637385086823,
    "support": 502.0
  },
  "dog": {
    "precision": 0.9524714828897338,
    "recall": 1.0,
    "f1-score": 0.9756572541382668,
    "support": 501.0
  },
  "accuracy": 0.9750747756729811,
  "macro avg": {
    "precision": 0.9762357414448669,
    "recall": 0.9750996015936255,
    "f1-score": 0.9750604963234746,
    "support": 1003.0
  },
  "weighted avg": {
    "precision": 0.9762594346238851,
    "recall": 0.9750747756729811,
    "f1-score": 0.9750599013505785,
    "support": 1003.0
  }
}