{
  "cat": {
    "precision": 0.9799599198396793,
    "recall": 0.9741035856573705,
    "f1-score": 0.977022977022977,
    "support": 502.0
  },
  "dog": {
    "precision": 0.9742063492063492,
    "recall": 0.9800399201596807,
    "f1-score": 0.9771144278606965,
    "support": 501.0
  },
  "accuracy": 0.9770687936191426,
  "macro avg": {
    "precision": 0.9770831345230142,
    "recall": 0.9770717529085255,
    "f1-score": 0.9770687024418367,
    "support": 1003.0
  },
  "weighted avg": {
    "precision": 0.9770860027037886,
    "recall": 0.9770687936191426,
    "f1-score": 0.9770686568531838,
    "support": 1003.0
  }
}